기관명,기관유형,주무부처,분기,보고서,첨부파일
[object Object],[object Object],[object Object],[object Object],[object Object],
[object Object],[object Object],[object Object],[object Object],[object Object],
[object Object],[object Object],[object Object],[object Object],[object Object],
[object Object],[object Object],[object Object],[object Object],[object Object],
[object Object],[object Object],[object Object],[object Object],[object Object],
[object Object],[object Object],[object Object],[object Object],[object Object],
[object Object],[object Object],[object Object],[object Object],[object Object],
[object Object],[object Object],[object Object],[object Object],[object Object],
[object Object],[object Object],[object Object],[object Object],[object Object],
[object Object],[object Object],[object Object],[object Object],[object Object],
[object Object],[object Object],[object Object],[object Object],[object Object],
[object Object],[object Object],[object Object],[object Object],[object Object],
[object Object],[object Object],[object Object],[object Object],[object Object],
[object Object],[object Object],[object Object],[object Object],[object Object],
[object Object],[object Object],[object Object],[object Object],[object Object],
[object Object],[object Object],[object Object],[object Object],[object Object],
[object Object],[object Object],[object Object],[object Object],[object Object],
[object Object],[object Object],[object Object],[object Object],[object Object],
[object Object],[object Object],[object Object],[object Object],[object Object],
[object Object],[object Object],[object Object],[object Object],[object Object],
[object Object],[object Object],[object Object],[object Object],[object Object],
[object Object],[object Object],[object Object],[object Object],[object Object],
[object Object],[object Object],[object Object],[object Object],[object Object],
[object Object],[object Object],[object Object],[object Object],[object Object],
[object Object],[object Object],[object Object],[object Object],[object Object],
[object Object],[object Object],[object Object],[object Object],[object Object],
[object Object],[object Object],[object Object],[object Object],[object Object],
[object Object],[object Object],[object Object],[object Object],[object Object],
[object Object],[object Object],[object Object],[object Object],[object Object],
[object Object],[object Object],[object Object],[object Object],[object Object],
[object Object],[object Object],[object Object],[object Object],[object Object],
[object Object],[object Object],[object Object],[object Object],[object Object],
[object Object],[object Object],[object Object],[object Object],[object Object],
[object Object],[object Object],[object Object],[object Object],[object Object],
[object Object],[object Object],[object Object],[object Object],[object Object],
[object Object],[object Object],[object Object],[object Object],[object Object],
[object Object],[object Object],[object Object],[object Object],[object Object],
[object Object],[object Object],[object Object],[object Object],[object Object],
[object Object],[object Object],[object Object],[object Object],[object Object],
[object Object],[object Object],[object Object],[object Object],[object Object],
[object Object],[object Object],[object Object],[object Object],[object Object],
[object Object],[object Object],[object Object],[object Object],[object Object],
[object Object],[object Object],[object Object],[object Object],[object Object],
[object Object],[object Object],[object Object],[object Object],[object Object],
[object Object],[object Object],[object Object],[object Object],[object Object],
[object Object],[object Object],[object Object],[object Object],[object Object],
[object Object],[object Object],[object Object],[object Object],[object Object],
[object Object],[object Object],[object Object],[object Object],[object Object],
[object Object],[object Object],[object Object],[object Object],[object Object],
[object Object],[object Object],[object Object],[object Object],[object Object],
[object Object],[object Object],[object Object],[object Object],[object Object],
[object Object],[object Object],[object Object],[object Object],[object Object],
[object Object],[object Object],[object Object],[object Object],[object Object],
[object Object],[object Object],[object Object],[object Object],[object Object],
[object Object],[object Object],[object Object],[object Object],[object Object],
[object Object],[object Object],[object Object],[object Object],[object Object],
[object Object],[object Object],[object Object],[object Object],[object Object],
[object Object],[object Object],[object Object],[object Object],[object Object],
[object Object],[object Object],[object Object],[object Object],[object Object],
[object Object],[object Object],[object Object],[object Object],[object Object],
[object Object],[object Object],[object Object],[object Object],[object Object],
[object Object],[object Object],[object Object],[object Object],[object Object],
[object Object],[object Object],[object Object],[object Object],[object Object],
[object Object],[object Object],[object Object],[object Object],[object Object],
[object Object],[object Object],[object Object],[object Object],[object Object],
[object Object],[object Object],[object Object],[object Object],[object Object],
[object Object],[object Object],[object Object],[object Object],[object Object],
[object Object],[object Object],[object Object],[object Object],[object Object],
[object Object],[object Object],[object Object],[object Object],[object Object],
[object Object],[object Object],[object Object],[object Object],[object Object],
[object Object],[object Object],[object Object],[object Object],[object Object],
[object Object],[object Object],[object Object],[object Object],[object Object],
[object Object],[object Object],[object Object],[object Object],[object Object],
[object Object],[object Object],[object Object],[object Object],[object Object],
[object Object],[object Object],[object Object],[object Object],[object Object],
[object Object],[object Object],[object Object],[object Object],[object Object],
[object Object],[object Object],[object Object],[object Object],[object Object],
[object Object],[object Object],[object Object],[object Object],[object Object],
[object Object],[object Object],[object Object],[object Object],[object Object],
[object Object],[object Object],[object Object],[object Object],[object Object],
[object Object],[object Object],[object Object],[object Object],[object Object],
[object Object],[object Object],[object Object],[object Object],[object Object],
[object Object],[object Object],[object Object],[object Object],[object Object],
[object Object],[object Object],[object Object],[object Object],[object Object],
[object Object],[object Object],[object Object],[object Object],[object Object],
[object Object],[object Object],[object Object],[object Object],[object Object],
[object Object],[object Object],[object Object],[object Object],[object Object],
[object Object],[object Object],[object Object],[object Object],[object Object],
[object Object],[object Object],[object Object],[object Object],[object Object],
[object Object],[object Object],[object Object],[object Object],[object Object],
[object Object],[object Object],[object Object],[object Object],[object Object],
[object Object],[object Object],[object Object],[object Object],[object Object],
[object Object],[object Object],[object Object],[object Object],[object Object],
[object Object],[object Object],[object Object],[object Object],[object Object],
[object Object],[object Object],[object Object],[object Object],[object Object],
[object Object],[object Object],[object Object],[object Object],[object Object],
[object Object],[object Object],[object Object],[object Object],[object Object],
[object Object],[object Object],[object Object],[object Object],[object Object],
[object Object],[object Object],[object Object],[object Object],[object Object],
[object Object],[object Object],[object Object],[object Object],[object Object],
[object Object],[object Object],[object Object],[object Object],[object Object],
[object Object],[object Object],[object Object],[object Object],[object Object],
[object Object],[object Object],[object Object],[object Object],[object Object],
[object Object],[object Object],[object Object],[object Object],[object Object],
[object Object],[object Object],[object Object],[object Object],[object Object],
[object Object],[object Object],[object Object],[object Object],[object Object],
[object Object],[object Object],[object Object],[object Object],[object Object],
[object Object],[object Object],[object Object],[object Object],[object Object],
[object Object],[object Object],[object Object],[object Object],[object Object],
[object Object],[object Object],[object Object],[object Object],[object Object],
[object Object],[object Object],[object Object],[object Object],[object Object],
[object Object],[object Object],[object Object],[object Object],[object Object],
[object Object],[object Object],[object Object],[object Object],[object Object],
[object Object],[object Object],[object Object],[object Object],[object Object],
[object Object],[object Object],[object Object],[object Object],[object Object],
[object Object],[object Object],[object Object],[object Object],[object Object],
[object Object],[object Object],[object Object],[object Object],[object Object],
[object Object],[object Object],[object Object],[object Object],[object Object],
[object Object],[object Object],[object Object],[object Object],[object Object],
[object Object],[object Object],[object Object],[object Object],[object Object],
[object Object],[object Object],[object Object],[object Object],[object Object],
[object Object],[object Object],[object Object],[object Object],[object Object],
[object Object],[object Object],[object Object],[object Object],[object Object],
[object Object],[object Object],[object Object],[object Object],[object Object],
[object Object],[object Object],[object Object],[object Object],[object Object],
[object Object],[object Object],[object Object],[object Object],[object Object],
[object Object],[object Object],[object Object],[object Object],[object Object],
[object Object],[object Object],[object Object],[object Object],[object Object],
[object Object],[object Object],[object Object],[object Object],[object Object],
[object Object],[object Object],[object Object],[object Object],[object Object],
[object Object],[object Object],[object Object],[object Object],[object Object],
[object Object],[object Object],[object Object],[object Object],[object Object],
[object Object],[object Object],[object Object],[object Object],[object Object],
[object Object],[object Object],[object Object],[object Object],[object Object],
[object Object],[object Object],[object Object],[object Object],[object Object],
[object Object],[object Object],[object Object],[object Object],[object Object],
[object Object],[object Object],[object Object],[object Object],[object Object],
[object Object],[object Object],[object Object],[object Object],[object Object],
[object Object],[object Object],[object Object],[object Object],[object Object],
[object Object],[object Object],[object Object],[object Object],[object Object],
[object Object],[object Object],[object Object],[object Object],[object Object],
[object Object],[object Object],[object Object],[object Object],[object Object],
[object Object],[object Object],[object Object],[object Object],[object Object],
[object Object],[object Object],[object Object],[object Object],[object Object],
[object Object],[object Object],[object Object],[object Object],[object Object],
[object Object],[object Object],[object Object],[object Object],[object Object],
[object Object],[object Object],[object Object],[object Object],[object Object],
[object Object],[object Object],[object Object],[object Object],[object Object],
[object Object],[object Object],[object Object],[object Object],[object Object],
[object Object],[object Object],[object Object],[object Object],[object Object],
[object Object],[object Object],[object Object],[object Object],[object Object],
[object Object],[object Object],[object Object],[object Object],[object Object],
[object Object],[object Object],[object Object],[object Object],[object Object],
[object Object],[object Object],[object Object],[object Object],[object Object],
[object Object],[object Object],[object Object],[object Object],[object Object],
[object Object],[object Object],[object Object],[object Object],[object Object],
[object Object],[object Object],[object Object],[object Object],[object Object],
[object Object],[object Object],[object Object],[object Object],[object Object],
[object Object],[object Object],[object Object],[object Object],[object Object],
[object Object],[object Object],[object Object],[object Object],[object Object],
[object Object],[object Object],[object Object],[object Object],[object Object],
[object Object],[object Object],[object Object],[object Object],[object Object],
[object Object],[object Object],[object Object],[object Object],[object Object],
[object Object],[object Object],[object Object],[object Object],[object Object],
[object Object],[object Object],[object Object],[object Object],[object Object],
[object Object],[object Object],[object Object],[object Object],[object Object],
[object Object],[object Object],[object Object],[object Object],[object Object],
[object Object],[object Object],[object Object],[object Object],[object Object],
[object Object],[object Object],[object Object],[object Object],[object Object],
[object Object],[object Object],[object Object],[object Object],[object Object],
[object Object],[object Object],[object Object],[object Object],[object Object],
[object Object],[object Object],[object Object],[object Object],[object Object],
[object Object],[object Object],[object Object],[object Object],[object Object],
[object Object],[object Object],[object Object],[object Object],[object Object],
[object Object],[object Object],[object Object],[object Object],[object Object],
[object Object],[object Object],[object Object],[object Object],[object Object],
[object Object],[object Object],[object Object],[object Object],[object Object],
[object Object],[object Object],[object Object],[object Object],[object Object],
[object Object],[object Object],[object Object],[object Object],[object Object],
[object Object],[object Object],[object Object],[object Object],[object Object],
[object Object],[object Object],[object Object],[object Object],[object Object],
[object Object],[object Object],[object Object],[object Object],[object Object],
[object Object],[object Object],[object Object],[object Object],[object Object],
[object Object],[object Object],[object Object],[object Object],[object Object],
[object Object],[object Object],[object Object],[object Object],[object Object],
[object Object],[object Object],[object Object],[object Object],[object Object],
[object Object],[object Object],[object Object],[object Object],[object Object],
[object Object],[object Object],[object Object],[object Object],[object Object],
[object Object],[object Object],[object Object],[object Object],[object Object],
[object Object],[object Object],[object Object],[object Object],[object Object],
[object Object],[object Object],[object Object],[object Object],[object Object],
[object Object],[object Object],[object Object],[object Object],[object Object],
[object Object],[object Object],[object Object],[object Object],[object Object],
[object Object],[object Object],[object Object],[object Object],[object Object],
[object Object],[object Object],[object Object],[object Object],[object Object],
[object Object],[object Object],[object Object],[object Object],[object Object],
[object Object],[object Object],[object Object],[object Object],[object Object],
[object Object],[object Object],[object Object],[object Object],[object Object],
[object Object],[object Object],[object Object],[object Object],[object Object],
[object Object],[object Object],[object Object],[object Object],[object Object],
[object Object],[object Object],[object Object],[object Object],[object Object],
[object Object],[object Object],[object Object],[object Object],[object Object],
[object Object],[object Object],[object Object],[object Object],[object Object],
[object Object],[object Object],[object Object],[object Object],[object Object],
[object Object],[object Object],[object Object],[object Object],[object Object],
[object Object],[object Object],[object Object],[object Object],[object Object],
[object Object],[object Object],[object Object],[object Object],[object Object],
[object Object],[object Object],[object Object],[object Object],[object Object],
[object Object],[object Object],[object Object],[object Object],[object Object],
[object Object],[object Object],[object Object],[object Object],[object Object],
[object Object],[object Object],[object Object],[object Object],[object Object],
[object Object],[object Object],[object Object],[object Object],[object Object],
[object Object],[object Object],[object Object],[object Object],[object Object],
[object Object],[object Object],[object Object],[object Object],[object Object],
[object Object],[object Object],[object Object],[object Object],[object Object],
[object Object],[object Object],[object Object],[object Object],[object Object],
[object Object],[object Object],[object Object],[object Object],[object Object],
[object Object],[object Object],[object Object],[object Object],[object Object],
[object Object],[object Object],[object Object],[object Object],[object Object],
[object Object],[object Object],[object Object],[object Object],[object Object],
[object Object],[object Object],[object Object],[object Object],[object Object],
[object Object],[object Object],[object Object],[object Object],[object Object],
[object Object],[object Object],[object Object],[object Object],[object Object],
[object Object],[object Object],[object Object],[object Object],[object Object],
[object Object],[object Object],[object Object],[object Object],[object Object],
[object Object],[object Object],[object Object],[object Object],[object Object],
[object Object],[object Object],[object Object],[object Object],[object Object],
[object Object],[object Object],[object Object],[object Object],[object Object],
[object Object],[object Object],[object Object],[object Object],[object Object],
[object Object],[object Object],[object Object],[object Object],[object Object],
[object Object],[object Object],[object Object],[object Object],[object Object],
[object Object],[object Object],[object Object],[object Object],[object Object],
[object Object],[object Object],[object Object],[object Object],[object Object],
[object Object],[object Object],[object Object],[object Object],[object Object],
[object Object],[object Object],[object Object],[object Object],[object Object],
[object Object],[object Object],[object Object],[object Object],[object Object],
[object Object],[object Object],[object Object],[object Object],[object Object],
[object Object],[object Object],[object Object],[object Object],[object Object],
[object Object],[object Object],[object Object],[object Object],[object Object],
[object Object],[object Object],[object Object],[object Object],[object Object],
[object Object],[object Object],[object Object],[object Object],[object Object],
[object Object],[object Object],[object Object],[object Object],[object Object],
[object Object],[object Object],[object Object],[object Object],[object Object],
[object Object],[object Object],[object Object],[object Object],[object Object],
[object Object],[object Object],[object Object],[object Object],[object Object],
[object Object],[object Object],[object Object],[object Object],[object Object],
[object Object],[object Object],[object Object],[object Object],[object Object],
[object Object],[object Object],[object Object],[object Object],[object Object],
[object Object],[object Object],[object Object],[object Object],[object Object],
[object Object],[object Object],[object Object],[object Object],[object Object],
[object Object],[object Object],[object Object],[object Object],[object Object],
[object Object],[object Object],[object Object],[object Object],[object Object],
[object Object],[object Object],[object Object],[object Object],[object Object],
[object Object],[object Object],[object Object],[object Object],[object Object],
[object Object],[object Object],[object Object],[object Object],[object Object],
[object Object],[object Object],[object Object],[object Object],[object Object],
[object Object],[object Object],[object Object],[object Object],[object Object],
[object Object],[object Object],[object Object],[object Object],[object Object],
[object Object],[object Object],[object Object],[object Object],[object Object],
[object Object],[object Object],[object Object],[object Object],[object Object],
[object Object],[object Object],[object Object],[object Object],[object Object],
[object Object],[object Object],[object Object],[object Object],[object Object],
[object Object],[object Object],[object Object],[object Object],[object Object],
[object Object],[object Object],[object Object],[object Object],[object Object],
[object Object],[object Object],[object Object],[object Object],[object Object],
[object Object],[object Object],[object Object],[object Object],[object Object],
[object Object],[object Object],[object Object],[object Object],[object Object],
[object Object],[object Object],[object Object],[object Object],[object Object],
[object Object],[object Object],[object Object],[object Object],[object Object],
[object Object],[object Object],[object Object],[object Object],[object Object],
[object Object],[object Object],[object Object],[object Object],[object Object],
[object Object],[object Object],[object Object],[object Object],[object Object],
[object Object],[object Object],[object Object],[object Object],[object Object],
[object Object],[object Object],[object Object],[object Object],[object Object],
[object Object],[object Object],[object Object],[object Object],[object Object],
[object Object],[object Object],[object Object],[object Object],[object Object],
[object Object],[object Object],[object Object],[object Object],[object Object],
[object Object],[object Object],[object Object],[object Object],[object Object],
[object Object],[object Object],[object Object],[object Object],[object Object],
[object Object],[object Object],[object Object],[object Object],[object Object],
[object Object],[object Object],[object Object],[object Object],[object Object],
[object Object],[object Object],[object Object],[object Object],[object Object],
[object Object],[object Object],[object Object],[object Object],[object Object],
[object Object],[object Object],[object Object],[object Object],[object Object],
[object Object],[object Object],[object Object],[object Object],[object Object],
[object Object],[object Object],[object Object],[object Object],[object Object],
[object Object],[object Object],[object Object],[object Object],[object Object],
[object Object],[object Object],[object Object],[object Object],[object Object],
[object Object],[object Object],[object Object],[object Object],[object Object],
[object Object],[object Object],[object Object],[object Object],[object Object],
[object Object],[object Object],[object Object],[object Object],[object Object],
[object Object],[object Object],[object Object],[object Object],[object Object],
[object Object],[object Object],[object Object],[object Object],[object Object],
[object Object],[object Object],[object Object],[object Object],[object Object],
[object Object],[object Object],[object Object],[object Object],[object Object],
[object Object],[object Object],[object Object],[object Object],[object Object],
[object Object],[object Object],[object Object],[object Object],[object Object],
[object Object],[object Object],[object Object],[object Object],[object Object],
[object Object],[object Object],[object Object],[object Object],[object Object],
[object Object],[object Object],[object Object],[object Object],[object Object],
[object Object],[object Object],[object Object],[object Object],[object Object],
[object Object],[object Object],[object Object],[object Object],[object Object],
[object Object],[object Object],[object Object],[object Object],[object Object],
[object Object],[object Object],[object Object],[object Object],[object Object],
[object Object],[object Object],[object Object],[object Object],[object Object],
[object Object],[object Object],[object Object],[object Object],[object Object],
[object Object],[object Object],[object Object],[object Object],[object Object],
[object Object],[object Object],[object Object],[object Object],[object Object],
[object Object],[object Object],[object Object],[object Object],[object Object],
[object Object],[object Object],[object Object],[object Object],[object Object],
[object Object],[object Object],[object Object],[object Object],[object Object],
[object Object],[object Object],[object Object],[object Object],[object Object],
[object Object],[object Object],[object Object],[object Object],[object Object],
[object Object],[object Object],[object Object],[object Object],[object Object],
[object Object],[object Object],[object Object],[object Object],[object Object],
[object Object],[object Object],[object Object],[object Object],[object Object],
[object Object],[object Object],[object Object],[object Object],[object Object],
[object Object],[object Object],[object Object],[object Object],[object Object],
[object Object],[object Object],[object Object],[object Object],[object Object],
[object Object],[object Object],[object Object],[object Object],[object Object],
[object Object],[object Object],[object Object],[object Object],[object Object],
[object Object],[object Object],[object Object],[object Object],[object Object],
[object Object],[object Object],[object Object],[object Object],[object Object],
[object Object],[object Object],[object Object],[object Object],[object Object],
[object Object],[object Object],[object Object],[object Object],[object Object],
[object Object],[object Object],[object Object],[object Object],[object Object],
[object Object],[object Object],[object Object],[object Object],[object Object],
[object Object],[object Object],[object Object],[object Object],[object Object],
[object Object],[object Object],[object Object],[object Object],[object Object],
[object Object],[object Object],[object Object],[object Object],[object Object],
[object Object],[object Object],[object Object],[object Object],[object Object],
[object Object],[object Object],[object Object],[object Object],[object Object],
[object Object],[object Object],[object Object],[object Object],[object Object],
[object Object],[object Object],[object Object],[object Object],[object Object],
[object Object],[object Object],[object Object],[object Object],[object Object],
[object Object],[object Object],[object Object],[object Object],[object Object],
[object Object],[object Object],[object Object],[object Object],[object Object],
[object Object],[object Object],[object Object],[object Object],[object Object],
[object Object],[object Object],[object Object],[object Object],[object Object],
